{
  "assetsByChunkName": {
    "vendors~app-account~app-confirmation~app-order": "chunk.ef3d7a9ad469b3b3219b.js",
    "vendors~app-account~app-checkout": "chunk.83f928ef01de6f2ae276.js",
    "vendors~app-cart~app-checkout": "chunk.49866c7d47cfe568a7df.js",
    "admin": [
      "admin.e50b66e9946cfa99790e.js",
      "admin.e50b66e9946cfa99790e.js.map"
    ],
    "app-account": "chunk.009293732c6478a34443.js",
    "app-cart": "chunk.5f990d637abcc1c5a245.js",
    "app-checkout": "chunk.cdded2c877025108474a.js",
    "app-confirmation": "chunk.0db4f2de0abc0986cc27.js",
    "app-order": "chunk.0b96e874245a13428d0a.js",
    "checkout": [
      "checkout.9c8abd6bb6511ce6eb3c.js",
      "checkout.9c8abd6bb6511ce6eb3c.js.map"
    ],
    "storefront": [
      "storefront.26849f441e1c891c249f.css",
      "storefront.5e9724fcd4546ad6482e.js",
      "storefront.26849f441e1c891c249f.css.map",
      "storefront.5e9724fcd4546ad6482e.js.map"
    ],
    "vendors~app-account": "chunk.7c5a2fbf1490f415acc1.js",
    "vendors~app-cart": "chunk.5e442d8f8e9cd123588e.js",
    "vendors~app-checkout": "chunk.23e1542419b8f4424de2.js"
  }
}