{
  "categories_list": {
    "featured": [],
    "random": 3,
    "full_width": false
  },
  "menu_all_departments": false,
  "centralized_logo": false,
  "marketing_stripe": {
    "text": "PAGUE COM PIX E GANHE 5% DE DESCONTO  FRETE GRÁTIS NAS COMPRAS ACIMA DE R$ 550,00",
    "link": "/pages/pagamentos"
  },
  "alphabetical_order_submenu": false,
  "name_all_departments": "",
  "search_input": true,
  "desktop_megamenu": true,
  "full_width_submenu": false,
  "contacts_stripe": {
    "pages": [],
    "phone_wpp": false,
    "socials": true
  }
}
