{
  "meta_title": "",
  "meta_description": "",
  "sections": [
    {
      "type": "apx_banner-slider",
      "visibility": "d-block d-md-block",
      "autoplay": 9000,
      "spacing": {
        "container": "container-fluid"
      },
      "slides": [
        {
          "desktop": {
            "description_color": "#ffffff",
            "animate": "fadeInDown",
            "img": "/img/uploads/rectangle-3-2-.png",
            "content_order": "inside_image",
            "btn_url": "/",
            "content_position": "center_right",
            "mask_color": "#000000",
            "btn_text": "VER DISCOGRAFIA",
            "btn_background": "#000000",
            "btn_text_color": "#ffffff",
            "mask_opacity": 3,
            "title": "SLIPKNOT",
            "title_color": "#ffffff",
            "description": "Lorem ipsum dolor sit amet, consectetuer adipiscing elit. Donec odio. Quisque volutpat mattis eros. Nullam malesuada erat ut turpis. Suspendisse urna nibh viverra non semper suscipit posuere a pede."
          },
          "mobile": {
            "mask_opacity": 0,
            "img": "/img/uploads/rectangle-3-3-.png"
          },
          "start": "",
          "end": ""
        }
      ]
    },
    {
      "type": "apx_banners-grid",
      "visibility": "d-block d-md-block",
      "banners": [
        {
          "desktop": {
            "img": "/img/uploads/rap_trap.jpg",
            "title": "RAP<br>TRAP<br>R&B",
            "link": "/rap--trap--rb",
            "mask_opacity": 3,
            "mask_color": "#000000",
            "content_position": "center_center",
            "content_order": "inside_image",
            "title_color": "#ffffff"
          },
          "mobile": {
            "mask_opacity": 0
          }
        },
        {
          "desktop": {
            "img": "/img/uploads/punk_metal.jpg",
            "title": "PUNK<br>METAL",
            "mask_opacity": 3,
            "mask_color": "#000000",
            "content_position": "center_center",
            "content_order": "inside_image",
            "title_color": "#ffffff",
            "link": "/punk--metal"
          },
          "mobile": {
            "mask_opacity": 0
          }
        },
        {
          "desktop": {
            "img": "/img/uploads/funk_soul_jazz.jpg",
            "title": "FUNK<BR>SOUL<BR>JAZZ",
            "mask_opacity": 5,
            "mask_color": "#000000",
            "content_position": "center_center",
            "content_order": "inside_image",
            "title_color": "#ffffff",
            "link": "/funk--soul--jazz"
          },
          "mobile": {
            "mask_opacity": 0
          }
        },
        {
          "desktop": {
            "img": "/img/uploads/rock_indie.jpg",
            "title": "ROCK<BR>INDIE",
            "mask_opacity": 3,
            "mask_color": "#000000",
            "content_position": "center_center",
            "content_order": "inside_image",
            "title_color": "#ffffff",
            "link": "/indie--rock"
          },
          "mobile": {
            "mask_opacity": 0
          }
        },
        {
          "desktop": {
            "img": "/img/uploads/eletronica.jpg",
            "mask_opacity": 3,
            "mask_color": "#000000",
            "content_position": "center_center",
            "content_order": "inside_image",
            "title_color": "#ffffff",
            "link": "/eletronico",
            "title": "ELETRÔNICA"
          },
          "mobile": {
            "mask_opacity": 0
          }
        },
        {
          "desktop": {
            "img": "/img/uploads/brasil.jpg",
            "mask_opacity": 3,
            "mask_color": "#000000",
            "content_position": "center_center",
            "content_order": "inside_image",
            "title_color": "#ffffff",
            "title": "BRASIL",
            "link": "/brasil"
          },
          "mobile": {
            "mask_opacity": 0
          }
        },
        {
          "desktop": {
            "mask_opacity": 3,
            "mask_color": "#000000",
            "content_position": "center_center",
            "content_order": "inside_image",
            "title_color": "#ffffff",
            "img": "/img/uploads/pop.jpg",
            "title": "POP",
            "link": "/pop"
          },
          "mobile": {
            "mask_opacity": 0
          }
        }
      ],
      "grid": "5",
      "spacing": {
        "container": "container-fluid"
      }
    },
    {
      "spacing": {
        "container": "container_90",
        "desktop": {
          "margin_top": "5",
          "margin_bottom": "5",
          "padding_bottom": "0",
          "padding_top": "0"
        },
        "mobile": {
          "margin_top": "4",
          "margin_bottom": "5",
          "padding_top": "0",
          "padding_bottom": "4"
        }
      },
      "products": [
        "66d5bb98fc4aac27a2c17659",
        "66da37dffc4aac27a2c81f44",
        "66da3c1bfc4aac27a2c82359",
        "66da3c32fc4aac27a2c823b0",
        "66da3c30fc4aac27a2c823a7"
      ],
      "num_col_md": 3,
      "num_col_sm": 1,
      "visibility": "d-block d-md-block",
      "title": "Novidades",
      "type": "apx_productList_A",
      "title_color": "",
      "description": "Lorem ipsum dolor sit amet, consectetuer adipiscing elit. Donec odio. Quisque volutpat mattis eros. Nullam malesuada erat ut turpis. Suspendisse urna nibh viverra non semper suscipit posuere a pede."
    },
    {
      "spacing": {
        "desktop": {
          "margin_top": "0",
          "margin_bottom": "0",
          "padding_top": "5",
          "padding_bottom": "5"
        },
        "mobile": {
          "margin_top": "0",
          "margin_bottom": "0",
          "padding_top": "2",
          "padding_bottom": "5"
        }
      },
      "products": [
        "66d5bb98fc4aac27a2c17659",
        "66da37dffc4aac27a2c81f44",
        "66da3c1bfc4aac27a2c82359",
        "66da3c32fc4aac27a2c823b0",
        "66da3c30fc4aac27a2c823a7"
      ],
      "btn_bg": "#ffffff",
      "bg_color": "#f2d74b",
      "section_img": "/img/uploads/db6352ae-2d77-4629-a6ee-67cfb12dca04-1.png",
      "visibility": "d-block d-md-block",
      "section_type": 1,
      "title": "SUCESSOS DO SEPULTURA",
      "type": "apx_productList_A",
      "imagem_margin": "-rem",
      "title_img": "/img/uploads/image-22.png",
      "description": "Lorem ipsum dolor sit amet, consectetuer adipiscing elit. Donec odio. Quisque volutpat mattis eros. Nullam malesuada erat ut turpis. Suspendisse urna nibh viverra non semper suscipit posuere a pede."
    },
    {
      "spacing": {
        "container": "container_90",
        "desktop": {
          "margin_top": "5",
          "margin_bottom": "5"
        },
        "mobile": {
          "margin_top": "4",
          "margin_bottom": "4",
          "padding_bottom": "5"
        }
      },
      "products": [
        "66d5bb98fc4aac27a2c17659",
        "66da37dffc4aac27a2c81f44",
        "66da3c1bfc4aac27a2c82359",
        "66da3c32fc4aac27a2c823b0",
        "66da3c30fc4aac27a2c823a7"
      ],
      "num_col_md": 3,
      "num_col_sm": 1,
      "visibility": "d-block d-md-block",
      "title": "Toys",
      "type": "apx_productList_A",
      "title_color": "",
      "description": "Lorem ipsum dolor sit amet, consectetuer adipiscing elit. Donec odio. Quisque volutpat mattis eros. Nullam malesuada erat ut turpis. Suspendisse urna nibh viverra non semper suscipit posuere a pede."
    },
    {
      "btn_color": "#000000",
      "spacing": {
        "container": "container-fluid",
        "desktop": {
          "margin_top": "5",
          "margin_bottom": "0",
          "padding_top": "5",
          "padding_bottom": "0"
        },
        "mobile": {
          "margin_top": "4",
          "margin_bottom": "0",
          "padding_top": "0",
          "padding_bottom": "5"
        }
      },
      "products": [
        "66d5bb98fc4aac27a2c17659",
        "66da37dffc4aac27a2c81f44",
        "66da3c1bfc4aac27a2c82359",
        "66da3c32fc4aac27a2c823b0",
        "66da3c30fc4aac27a2c823a7"
      ],
      "btn_bg": "#ffffff",
      "bg_color": "#f2d74b",
      "section_img": "/img/uploads/c82cef9d-e425-48ae-a228-a76ccfb1a9f6-1.png",
      "num_col_md": 2,
      "num_col_sm": 1,
      "visibility": "d-block d-md-block",
      "section_type": 3,
      "type": "apx_productList_A",
      "title_img": "/img/uploads/image-23.png",
      "description": "Lorem ipsum dolor sit amet, consectetuer adipiscing elit. Donec odio. Quisque volutpat mattis eros. Nullam malesuada erat ut turpis. Suspendisse urna nibh viverra non semper suscipit posuere a pede."
    }
  ]
}