{
  "meta_title": "",
  "meta_description": "",
  "sections": [
    {
      "type": "apx_banner-slider",
      "visibility": "d-block d-md-block",
      "autoplay": 20000,
      "spacing": {
        "container": "container-fluid"
      },
      "slides": [
        {
          "desktop": {
            "mask_opacity": 0,
            "img": "/img/uploads/mdou-moctar-funeral_ok.png",
            "link": "https://vapordiscos.com.br/mdou-moctar---funeral-for-justice"
          },
          "mobile": {
            "mask_opacity": 0,
            "img": "/img/uploads/mdou-moctar_funaral_mobile_set.png",
            "link": "https://vapordiscos.com.br/mdou-moctar---funeral-for-justice"
          },
          "start": "",
          "end": ""
        },
        {
          "desktop": {
            "mask_opacity": 0,
            "img": "/img/uploads/silvia-machete-banner.jpg",
            "link": "https://vapordiscos.com.br/silvia-machete---invisible-woman"
          },
          "mobile": {
            "mask_opacity": 0,
            "img": "/img/uploads/silvia-machete_mobile.jpg",
            "link": "https://vapordiscos.com.br/silvia-machete---invisible-woman"
          },
          "start": "2024-09-21T22:54:21.267Z",
          "end": "2025-12-25T22:54:00.000Z"
        },
        {
          "desktop": {
            "mask_opacity": 0,
            "img": "/img/uploads/funko-pop_set.png",
            "link": "https://vapordiscos.com.br/toys"
          },
          "mobile": {
            "mask_opacity": 0,
            "img": "/img/uploads/funko_mobile_set.png",
            "link": "https://vapordiscos.com.br/toys"
          },
          "start": "2024-09-21T22:55:12.957Z",
          "end": "2025-09-21T22:55:00.000Z"
        }
      ]
    },
    {
      "type": "apx_banners-grid",
      "visibility": "d-block d-md-block",
      "banners": [
        {
          "desktop": {
            "img": "/img/uploads/rock-indie10.jpg",
            "title": "ROCK<BR>INDIE",
            "mask_opacity": 10,
            "mask_color": "#38b0fa",
            "content_position": "center_center",
            "content_order": "inside_image",
            "title_color": "#ffffff",
            "link": "/indie--rock"
          },
          "mobile": {
            "mask_opacity": 10,
            "img": "/img/uploads/rock-indie10.jpg",
            "title": "ROCK<BR>INDIE",
            "link": "/indie--rock",
            "mask_color": "#38b0fa"
          }
        },
        {
          "desktop": {
            "img": "/img/uploads/funksoul10.jpg",
            "title": "FUNK<BR>SOUL<BR>JAZZ",
            "mask_opacity": 10,
            "mask_color": "#38b0fa",
            "content_position": "center_center",
            "content_order": "inside_image",
            "title_color": "#ffffff",
            "link": "/funk--soul--jazz"
          },
          "mobile": {
            "mask_opacity": 10,
            "img": "/img/uploads/funksoul10.jpg",
            "link": "/funk--soul--jazz",
            "mask_color": "#38b0fa"
          }
        },
        {
          "desktop": {
            "img": "/img/uploads/raptrap10.jpg",
            "content_order": "inside_image",
            "alt": "",
            "content_position": "center_center",
            "mask_color": "#38b0fa",
            "mask_opacity": 10,
            "title": "RAP<br>TRAP<br>R&B",
            "link": "/rap--trap--rb",
            "title_color": "#ffffff"
          },
          "mobile": {
            "mask_opacity": 10,
            "img": "/img/uploads/raptrap10.jpg",
            "mask_color": "#38b0fa",
            "link": "/rap--trap--rb"
          }
        },
        {
          "desktop": {
            "img": "/img/uploads/punkmetal10.jpg",
            "title": "PUNK<br>METAL",
            "mask_opacity": 10,
            "mask_color": "#38b0fa",
            "content_position": "center_center",
            "content_order": "inside_image",
            "title_color": "#ffffff",
            "link": "/punk--metal"
          },
          "mobile": {
            "mask_opacity": 10,
            "mask_color": "#38b0fa",
            "img": "/img/uploads/punkmetal10.jpg",
            "link": "/punk--metal"
          }
        },
        {
          "desktop": {
            "img": "/img/uploads/eletronica10.jpg",
            "mask_opacity": 10,
            "mask_color": "#38b0fa",
            "content_position": "center_center",
            "content_order": "inside_image",
            "title_color": "#ffffff",
            "link": "/eletronica",
            "title": "ELETRÔNICA"
          },
          "mobile": {
            "mask_opacity": 10,
            "img": "/img/uploads/eletronica10.jpg",
            "link": "/eletronica",
            "mask_color": "#38b0fa"
          }
        },
        {
          "desktop": {
            "img": "/img/uploads/brasil10.jpg",
            "mask_opacity": 10,
            "mask_color": "#38b0fa",
            "content_position": "center_center",
            "content_order": "inside_image",
            "title_color": "#ffffff",
            "title": "BRASIL",
            "link": "/brasil"
          },
          "mobile": {
            "mask_opacity": 10,
            "img": "/img/uploads/brasil10.jpg",
            "link": "/brasil",
            "mask_color": "#38b0fa"
          }
        },
        {
          "desktop": {
            "mask_opacity": 10,
            "mask_color": "#38b0fa",
            "content_position": "center_center",
            "content_order": "inside_image",
            "title_color": "#ffffff",
            "img": "/img/uploads/pop10.jpg",
            "title": "POP",
            "link": "/pop"
          },
          "mobile": {
            "mask_opacity": 10,
            "img": "/img/uploads/pop10.jpg",
            "link": "/pop",
            "mask_color": "#38b0fa"
          }
        }
      ],
      "grid": "5",
      "spacing": {
        "container": "container-fluid"
      }
    },
    {
      "spacing": {
        "container": "container_90",
        "desktop": {
          "margin_top": "5",
          "margin_bottom": "5",
          "padding_bottom": "0",
          "padding_top": "0"
        },
        "mobile": {
          "margin_top": "4",
          "margin_bottom": "5",
          "padding_top": "0",
          "padding_bottom": "4"
        }
      },
      "products": [
        "679c16e9fe85ee502f5b26c8",
        "679c16f4fe85ee502f5b26fb",
        "679c16eefe85ee502f5b26e0",
        "679c16fcfe85ee502f5b2717",
        "679c170cfe85ee502f5b2750",
        "679c1714fe85ee502f5b2779",
        "679c1715fe85ee502f5b277d",
        "679c1719fe85ee502f5b2789",
        "679c1722fe85ee502f5b27a6",
        "679c173cfe85ee502f5b27fa",
        "679c174afe85ee502f5b282c",
        "679c174cfe85ee502f5b2837",
        "679c1754fe85ee502f5b2859",
        "679c1773fe85ee502f5b28b7",
        "679c1777fe85ee502f5b28c1",
        "679c1795fe85ee502f5b290b",
        "679c1798fe85ee502f5b2918",
        "679c17a2fe85ee502f5b293b",
        "679c179dfe85ee502f5b292b",
        "679c17acfe85ee502f5b295c",
        "679c17affe85ee502f5b2965",
        "679c17b0fe85ee502f5b296b",
        "679c17b7fe85ee502f5b297a",
        "676313b6a0c96d5393d9652a",
        "679c16cdfe85ee502f5b262d",
        "679c1741fe85ee502f5b280c",
        "679c1750fe85ee502f5b2849",
        "679c17b9fe85ee502f5b297e",
        "6731125586609e53f8752dd3"
      ],
      "num_col_md": "3",
      "num_col_sm": "1",
      "visibility": "d-block d-md-block",
      "title": "Novidades",
      "type": "apx_productList_A",
      "title_color": "",
      "description": "Nossos discos mais recentes, lançamentos e reposições que acabaram de chegar ao nosso catálogo!"
    },
    {
      "spacing": {
        "desktop": {
          "margin_top": "0",
          "margin_bottom": "0",
          "padding_top": "5",
          "padding_bottom": "5"
        },
        "mobile": {
          "margin_top": "0",
          "margin_bottom": "0",
          "padding_top": "2",
          "padding_bottom": "5"
        }
      },
      "products": [
        "67631392a0c96d5393d96487",
        "67631395a0c96d5393d96496",
        "676313a8a0c96d5393d964e2",
        "676313bca0c96d5393d96550",
        "676313d0a0c96d5393d965b7",
        "676313e4a0c96d5393d96602"
      ],
      "btn_bg": "#ffffff",
      "bg_color": "#e3e2e1",
      "section_img": "",
      "num_col_sm": "1",
      "visibility": "d-block d-md-block",
      "section_type": 1,
      "title": "",
      "type": "apx_productList_A",
      "imagem_margin": "-6rem",
      "title_img": "/img/uploads/logo-habibi.png",
      "description": "O selo Habibi Funk, com sede em Berlim, resgata raridades da música árabe, unindo influências tradicionais com funk, soul e jazz.\nAlém de reedições e compilações que trazem à tona vozes quase esquecidas, o selo valoriza a história por trás dessas músicas, revelando como elas refletem momentos sociais e políticos únicos. Artistas de países como Marrocos, Egito, Argélia, Sudão, Líbano e Tunísia, estão presentes no catálogo da Habibi Funk. Confira!"
    },
    {
      "spacing": {
        "container": "container_90",
        "desktop": {
          "margin_top": "5",
          "margin_bottom": "5"
        },
        "mobile": {
          "margin_top": "4",
          "margin_bottom": "4",
          "padding_bottom": "5"
        }
      },
      "products": [
        "66e618c59e4b2e07f50bd971",
        "66f350409e4b2e07f518d900",
        "66e618cb9e4b2e07f50bd97d",
        "66e618b99e4b2e07f50bd954",
        "66e618be9e4b2e07f50bd963"
      ],
      "num_col_md": 3,
      "num_col_sm": "1",
      "visibility": "d-block d-md-block",
      "title": "Toys",
      "type": "apx_productList_A",
      "link": "/toys",
      "title_color": "",
      "description": "Aqui você encontrará uma seleção incrível de figuras Funko Pop e Super 7 inspiradas em artistas de diversos estilos, desde ícones do rock até estrelas do pop e lendas do indie."
    }
  ]
}